CREATE database IF NOT EXISTS WebPsicoDB;
USE WebPsicoDB;
CREATE TABLE if not exists CONTATO (ID INTEGER AUTO_INCREMENT NOT NULL, CPF VARCHAR(255), DATANASCIMENTO DATE, EMAIL VARCHAR(255), ESCOLARIDADE VARCHAR(255), ESTADOCIVIL VARCHAR(255), NACIONALIDADE VARCHAR(255), NATURALIDADE VARCHAR(255), NOME VARCHAR(255), OBS VARCHAR(255), PARENTESCO VARCHAR(255), PROFISSAO VARCHAR(255), RELIGIAO VARCHAR(255), SEXO VARCHAR(255), TELEFONECELULAR VARCHAR(11), TELEFONEFIXO VARCHAR(10), ENDERECO_IDENDERECO INTEGER, PRIMARY KEY (ID));
CREATE TABLE if not EXISTS PACIENTE (ID INTEGER AUTO_INCREMENT NOT NULL, CPF VARCHAR(255), DATAINICIO DATE, DATANASCIMENTO DATE, DATAULTIMASESSAO DATETIME, DESATIVADO TINYINT(1) default 0, EMAIL VARCHAR(255), ESCOLARIDADE VARCHAR(255), ESTADOCIVIL VARCHAR(255), NACIONALIDADE VARCHAR(255), NATURALIDADE VARCHAR(255), NOME VARCHAR(255), OBS VARCHAR(255), PRECO DOUBLE, PREFERENCIATURNO VARCHAR(255), PROFISSAO VARCHAR(255), SEXO VARCHAR(255), TELEFONECELULAR VARCHAR(11), TELEFONEFIXO VARCHAR(10), INDICACAO_IDINDICACAO INTEGER, ENDERECO_IDENDERECO INTEGER, PRIMARY KEY (ID));
CREATE TABLE if not EXISTS USUARIO (ID INTEGER AUTO_INCREMENT NOT NULL, DESATIVADO TINYINT(1) default 0, EMAIL VARCHAR(255), LOGIN VARCHAR(255) NOT NULL UNIQUE, NOMECOMPLETO VARCHAR(255), PERFIL VARCHAR(255), SENHA VARCHAR(255), PRIMARY KEY (ID));
CREATE TABLE if not EXISTS INDICACAO (IDINDICACAO INTEGER AUTO_INCREMENT NOT NULL, NOME VARCHAR(255), PROFISSAO VARCHAR(255), PRIMARY KEY (IDINDICACAO));
CREATE TABLE if not EXISTS ENDERECO (IDENDERECO INTEGER AUTO_INCREMENT NOT NULL, BAIRRO VARCHAR(255), CEP VARCHAR(255), CIDADE VARCHAR(255), COMPLEMENTO VARCHAR(255), LOGRADOURO VARCHAR(255), NUMERO VARCHAR(255), UF VARCHAR(255), PRIMARY KEY (IDENDERECO));
CREATE TABLE if not EXISTS ANAMNESE (ID INTEGER AUTO_INCREMENT NOT NULL, ACIDENTE VARCHAR(255), ALERGIA VARCHAR(255), ALIMENTACAO VARCHAR(255), ATITUDE VARCHAR(255), CIRURGIA VARCHAR(255), CONCIENTE VARCHAR(255), ESCOLA VARCHAR(255), EXAMEPSICO VARCHAR(255), EXPANSAO VARCHAR(255), FAMILIA VARCHAR(255), GRAVIDEZ VARCHAR(255), HIPOTESE VARCHAR(255), HUMOR VARCHAR(255), IRESCOLA VARCHAR(255), LINGUAGEM VARCHAR(255), MANIA VARCHAR(255), MEDICAMENTO VARCHAR(255), NEGACAO VARCHAR(255), OBS VARCHAR(255), QUEIXA VARCHAR(255), RESUMO VARCHAR(255), RETRATO VARCHAR(255), SAUDE VARCHAR(255), SINTOMA VARCHAR(255), SONO VARCHAR(255), TRATAMENTO VARCHAR(255), VIDAPESSOAL VARCHAR(255), PACIENTE_ID INTEGER, PSICOLOGA_ID INTEGER, PRIMARY KEY (ID));
CREATE TABLE if not EXISTS EVOLUCAO (ID INTEGER AUTO_INCREMENT NOT NULL, DATA DATETIME, TEXTO VARCHAR(500), PACIENTE_ID INTEGER, PSICOLOGA_ID INTEGER, PRIMARY KEY (ID));
CREATE TABLE if not EXISTS COMPROMISSO (ID INTEGER AUTO_INCREMENT NOT NULL, DATAMARCADA DATETIME, PACIENTE_ID INTEGER, PSICOLOGA_ID INTEGER, PRIMARY KEY (ID));
CREATE TABLE if not EXISTS PACIENTE_CONTATO (contatos_ID INTEGER NOT NULL, pacientes_ID INTEGER NOT NULL, PRIMARY KEY (contatos_ID, pacientes_ID));


INSERT INTO ANAMNESE (ID,ACIDENTE,ALERGIA,ALIMENTACAO,ATITUDE,CIRURGIA,CONCIENTE,ESCOLA,EXAMEPSICO,EXPANSAO,FAMILIA,GRAVIDEZ,HIPOTESE,HUMOR,IRESCOLA,LINGUAGEM,MANIA,MEDICAMENTO,NEGACAO,OBS,QUEIXA,RESUMO,RETRATO,SAUDE,SINTOMA,SONO,TRATAMENTO,VIDAPESSOAL,PACIENTE_ID,PSICOLOGA_ID) VALUES (1,"sim, bateu em um carro ","","n","resistente ","nao","h","","","","n","normal, planejada","","exaltado","","","sim, roer unha","n","","foi pedido para avaliar qual lazer que gosta","stress, ansioso, com muito sono","pessoa r","","n","n","agitado, sem descanso","j","",5,2);
INSERT INTO ANAMNESE (ID,ACIDENTE,ALERGIA,ALIMENTACAO,ATITUDE,CIRURGIA,CONCIENTE,ESCOLA,EXAMEPSICO,EXPANSAO,FAMILIA,GRAVIDEZ,HIPOTESE,HUMOR,IRESCOLA,LINGUAGEM,MANIA,MEDICAMENTO,NEGACAO,OBS,QUEIXA,RESUMO,RETRATO,SAUDE,SINTOMA,SONO,TRATAMENTO,VIDAPESSOAL,PACIENTE_ID,PSICOLOGA_ID) VALUES (2,"","","","","","","","","","","","","","","","","","","","","teste","","","","","","",null,2);
INSERT INTO ANAMNESE (ID,ACIDENTE,ALERGIA,ALIMENTACAO,ATITUDE,CIRURGIA,CONCIENTE,ESCOLA,EXAMEPSICO,EXPANSAO,FAMILIA,GRAVIDEZ,HIPOTESE,HUMOR,IRESCOLA,LINGUAGEM,MANIA,MEDICAMENTO,NEGACAO,OBS,QUEIXA,RESUMO,RETRATO,SAUDE,SINTOMA,SONO,TRATAMENTO,VIDAPESSOAL,PACIENTE_ID,PSICOLOGA_ID) VALUES (3,"","","","","","","","","","","","","","","","","","","","","teste","","","","","","",1,2);


INSERT INTO COMPROMISSO (ID,DATAMARCADA,PACIENTE_ID,PSICOLOGA_ID) VALUES (8,{ts '2015-06-24 09:00:00.'},2,5);
INSERT INTO COMPROMISSO (ID,DATAMARCADA,PACIENTE_ID,PSICOLOGA_ID) VALUES (7,{ts '2015-06-29 10:00:00.'},3,5);
INSERT INTO COMPROMISSO (ID,DATAMARCADA,PACIENTE_ID,PSICOLOGA_ID) VALUES (9,{ts '2015-07-08 11:00:00.'},1,6);
INSERT INTO COMPROMISSO (ID,DATAMARCADA,PACIENTE_ID,PSICOLOGA_ID) VALUES (10,{ts '2015-06-22 22:00:00.'},4,2);
INSERT INTO COMPROMISSO (ID,DATAMARCADA,PACIENTE_ID,PSICOLOGA_ID) VALUES (11,{ts '2015-07-16 17:00:00.'},10,5);
INSERT INTO COMPROMISSO (ID,DATAMARCADA,PACIENTE_ID,PSICOLOGA_ID) VALUES (12,{ts '2015-08-21 10:00:00.'},9,2);
INSERT INTO COMPROMISSO (ID,DATAMARCADA,PACIENTE_ID,PSICOLOGA_ID) VALUES (13,{ts '2015-08-19 15:00:00.'},9,2);
INSERT INTO COMPROMISSO (ID,DATAMARCADA,PACIENTE_ID,PSICOLOGA_ID) VALUES (16,{ts '2015-07-01 10:30:00.'},2,5);
INSERT INTO COMPROMISSO (ID,DATAMARCADA,PACIENTE_ID,PSICOLOGA_ID) VALUES (17,{ts '2015-07-08 08:30:00.'},2,5);
INSERT INTO COMPROMISSO (ID,DATAMARCADA,PACIENTE_ID,PSICOLOGA_ID) VALUES (18,{ts '2015-07-15 11:00:00.'},2,5);
INSERT INTO COMPROMISSO (ID,DATAMARCADA,PACIENTE_ID,PSICOLOGA_ID) VALUES (19,{ts '2015-07-22 08:00:00.'},2,5);
INSERT INTO COMPROMISSO (ID,DATAMARCADA,PACIENTE_ID,PSICOLOGA_ID) VALUES (20,{ts '2015-07-29 09:30:00.'},2,5);
INSERT INTO COMPROMISSO (ID,DATAMARCADA,PACIENTE_ID,PSICOLOGA_ID) VALUES (21,{ts '2015-07-24 11:00:00.'},1,6);
INSERT INTO COMPROMISSO (ID,DATAMARCADA,PACIENTE_ID,PSICOLOGA_ID) VALUES (22,{ts '2015-07-17 16:00:00.'},5,2);
INSERT INTO COMPROMISSO (ID,DATAMARCADA,PACIENTE_ID,PSICOLOGA_ID) VALUES (23,{ts '2015-08-14 18:00:00.'},5,2);
INSERT INTO COMPROMISSO (ID,DATAMARCADA,PACIENTE_ID,PSICOLOGA_ID) VALUES (24,{ts '2015-06-22 20:00:00.'},6,2);
INSERT INTO COMPROMISSO (ID,DATAMARCADA,PACIENTE_ID,PSICOLOGA_ID) VALUES (25,{ts '2015-06-26 18:00:00.'},6,2);
INSERT INTO COMPROMISSO (ID,DATAMARCADA,PACIENTE_ID,PSICOLOGA_ID) VALUES (26,{ts '2015-06-29 19:00:00.'},6,2);
INSERT INTO COMPROMISSO (ID,DATAMARCADA,PACIENTE_ID,PSICOLOGA_ID) VALUES (27,{ts '2015-07-03 09:00:00.'},6,2);
INSERT INTO COMPROMISSO (ID,DATAMARCADA,PACIENTE_ID,PSICOLOGA_ID) VALUES (28,{ts '2015-07-27 12:00:00.'},3,5);
INSERT INTO COMPROMISSO (ID,DATAMARCADA,PACIENTE_ID,PSICOLOGA_ID) VALUES (29,{ts '2015-08-25 09:00:00.'},3,5);
INSERT INTO COMPROMISSO (ID,DATAMARCADA,PACIENTE_ID,PSICOLOGA_ID) VALUES (30,{ts '2015-06-23 15:00:00.'},8,6);
INSERT INTO COMPROMISSO (ID,DATAMARCADA,PACIENTE_ID,PSICOLOGA_ID) VALUES (31,{ts '2015-06-23 12:00:00.'},10,6);
INSERT INTO COMPROMISSO (ID,DATAMARCADA,PACIENTE_ID,PSICOLOGA_ID) VALUES (32,{ts '2015-07-08 08:00:00.'},8,6);
INSERT INTO COMPROMISSO (ID,DATAMARCADA,PACIENTE_ID,PSICOLOGA_ID) VALUES (33,{ts '2015-06-18 14:30:00.'},2,5);


INSERT INTO CONTATO (ID,CPF,DATANASCIMENTO,EMAIL,ESCOLARIDADE,ESTADOCIVIL,NACIONALIDADE,NATURALIDADE,NOME,OBS,PARENTESCO,PROFISSAO,RELIGIAO,SEXO,TELEFONECELULAR,TELEFONEFIXO,ENDERECO_IDENDERECO) VALUES (1,"855.615.666-52",{d "1955-01-12"},"mae@gmail.com","ANALFABETO","VIUVO","Brasileiro","AP","Lara Pessegas","","M","do lar","catolica","F","33333333333","3333333333",2);
INSERT INTO CONTATO (ID,CPF,DATANASCIMENTO,EMAIL,ESCOLARIDADE,ESTADOCIVIL,NACIONALIDADE,NATURALIDADE,NOME,OBS,PARENTESCO,PROFISSAO,RELIGIAO,SEXO,TELEFONECELULAR,TELEFONEFIXO,ENDERECO_IDENDERECO) VALUES (2,"148.285.133-45",{d "1953-02-11"},"pai@gmail.com","ANALFABETO","CASADO","Brasileiro","AM","Fulano de tal","","Tio","aposentado","catolico","M","33333333333","2222222222",3);
INSERT INTO CONTATO (ID,CPF,DATANASCIMENTO,EMAIL,ESCOLARIDADE,ESTADOCIVIL,NACIONALIDADE,NATURALIDADE,NOME,OBS,PARENTESCO,PROFISSAO,RELIGIAO,SEXO,TELEFONECELULAR,TELEFONEFIXO,ENDERECO_IDENDERECO) VALUES (3,"725.235.867-46",{d "1955-08-13"},"maria@gmail.com",null,"VIUVO","Brasileiro","RN","Maria Lima","","Tia","do lar","catolica","F","23446576576","3454656576",17);
INSERT INTO CONTATO (ID,CPF,DATANASCIMENTO,EMAIL,ESCOLARIDADE,ESTADOCIVIL,NACIONALIDADE,NATURALIDADE,NOME,OBS,PARENTESCO,PROFISSAO,RELIGIAO,SEXO,TELEFONECELULAR,TELEFONEFIXO,ENDERECO_IDENDERECO) VALUES (4,"483.824.224-70",{d "1985-04-16"},"gomes@gmail.com","MEDIO_INCOMPLETO","CASADO","Brasileiro","PR","Al","","m","do lar","catolica","F","77888888887","3444455566",18);


INSERT INTO ENDERECO (IDENDERECO,BAIRRO,CEP,CIDADE,COMPLEMENTO,LOGRADOURO,NUMERO,UF) VALUES (1,"rio","22222-222","rio","","rua das rosas","22","RJ");
INSERT INTO ENDERECO (IDENDERECO,BAIRRO,CEP,CIDADE,COMPLEMENTO,LOGRADOURO,NUMERO,UF) VALUES (2,"rua","22222-222","rua","","rua","222","AC");
INSERT INTO ENDERECO (IDENDERECO,BAIRRO,CEP,CIDADE,COMPLEMENTO,LOGRADOURO,NUMERO,UF) VALUES (3,"na rua","11111-111","rio ","casa","avenida","111","RJ");
INSERT INTO ENDERECO (IDENDERECO,BAIRRO,CEP,CIDADE,COMPLEMENTO,LOGRADOURO,NUMERO,UF) VALUES (4,"belforoxo","11111-111","santa","","estrada das flores","11","RJ");
INSERT INTO ENDERECO (IDENDERECO,BAIRRO,CEP,CIDADE,COMPLEMENTO,LOGRADOURO,NUMERO,UF) VALUES (5,"rrrrr","44444-444","tttttt","","barril da vila","44","RJ");
INSERT INTO ENDERECO (IDENDERECO,BAIRRO,CEP,CIDADE,COMPLEMENTO,LOGRADOURO,NUMERO,UF) VALUES (6,"novo","55555-555","duque de caxias","","estrada da caminhonete ","55","RJ");
INSERT INTO ENDERECO (IDENDERECO,BAIRRO,CEP,CIDADE,COMPLEMENTO,LOGRADOURO,NUMERO,UF) VALUES (7,"casa nova ","66666-666","rio de janeiro","","avenida das pedras","66","RJ");
INSERT INTO ENDERECO (IDENDERECO,BAIRRO,CEP,CIDADE,COMPLEMENTO,LOGRADOURO,NUMERO,UF) VALUES (8,"uuuuu","77777-777","uuuuuuuu","","rua das arvores","77","RJ");
INSERT INTO ENDERECO (IDENDERECO,BAIRRO,CEP,CIDADE,COMPLEMENTO,LOGRADOURO,NUMERO,UF) VALUES (9,"rio de janeiro","88888-888","rio de janeiro","","rua da posse","22","RJ");
INSERT INTO ENDERECO (IDENDERECO,BAIRRO,CEP,CIDADE,COMPLEMENTO,LOGRADOURO,NUMERO,UF) VALUES (10,"nadahaver","77777-777","jafoi","","rua roses","77","RS");
INSERT INTO ENDERECO (IDENDERECO,BAIRRO,CEP,CIDADE,COMPLEMENTO,LOGRADOURO,NUMERO,UF) VALUES (11,"tudo","00000-000","nada","","rua E","05","RJ");
INSERT INTO ENDERECO (IDENDERECO,BAIRRO,CEP,CIDADE,COMPLEMENTO,LOGRADOURO,NUMERO,UF) VALUES (12,"girafa","33333-333","zoologico","","rua das girafas","33","SP");
INSERT INTO ENDERECO (IDENDERECO,BAIRRO,CEP,CIDADE,COMPLEMENTO,LOGRADOURO,NUMERO,UF) VALUES (13,"rua","33333-333","nada","","rua do renato","44","SP");
INSERT INTO ENDERECO (IDENDERECO,BAIRRO,CEP,CIDADE,COMPLEMENTO,LOGRADOURO,NUMERO,UF) VALUES (14,"wsesdd","11111-111","wweeer","lote 16","rua das neves","11 quadra 2","BA");
INSERT INTO ENDERECO (IDENDERECO,BAIRRO,CEP,CIDADE,COMPLEMENTO,LOGRADOURO,NUMERO,UF) VALUES (15,"","33333-333","","","rua do mendanha","3",null);
INSERT INTO ENDERECO (IDENDERECO,BAIRRO,CEP,CIDADE,COMPLEMENTO,LOGRADOURO,NUMERO,UF) VALUES (16,"asa norte","33333-333","brasilia","","rua do senado","33","DF");
INSERT INTO ENDERECO (IDENDERECO,BAIRRO,CEP,CIDADE,COMPLEMENTO,LOGRADOURO,NUMERO,UF) VALUES (17,"mar","45566-677","rio ","","rua das flores","23","AM");
INSERT INTO ENDERECO (IDENDERECO,BAIRRO,CEP,CIDADE,COMPLEMENTO,LOGRADOURO,NUMERO,UF) VALUES (18,"Cajazeiras","99990-000","Salvador","","Caminho 41","67","RS");


INSERT INTO EVOLUCAO (ID,DATA,TEXTO,PACIENTE_ID,PSICOLOGA_ID) VALUES (2,{ts '2015-06-17 16:13:42.'},'<span style="color: rgb(101, 103, 108); font-family: Verdana, Arial, Helvetica, sans-serif; font-size: 12px; line-height: 19px; background-color: rgb(255, 255, 255);">Você pode pensar no estresse como uma continuidade – do nível mais baixo de estresse até um distúrbio de estresse pós-traumático no nível mais alto.&nbsp;</span>',5,2);
INSERT INTO EVOLUCAO (ID,DATA,TEXTO,PACIENTE_ID,PSICOLOGA_ID) VALUES (3,{ts '2015-04-17 16:14:38.'},'<span style="color: rgb(101, 103, 108); font-family: Verdana, Arial, Helvetica, sans-serif; font-size: 12px; line-height: 19px; background-color: rgb(255, 255, 255);">pensar sobre isto, quando é mais provável você cometer erros? Quando você está cansado, quando você está estressado, e quando você está fazendo coisas muito rapidamente. A criatividade vem de uma mente clara, calma e descansada</span>',5,2);
INSERT INTO EVOLUCAO (ID,DATA,TEXTO,PACIENTE_ID,PSICOLOGA_ID) VALUES (4,{ts '2015-05-18 13:47:30.'},'Paixão cruel, desenfreada, Te trago mil rosas roubadas Pra desculpar minhas mentiras<br>Minhas mancadas',5,2);


INSERT INTO INDICACAO (IDINDICACAO,NOME,PROFISSAO) VALUES (1,"rio ","medico");
INSERT INTO INDICACAO (IDINDICACAO,NOME,PROFISSAO) VALUES (2,"nada","diretor");
INSERT INTO INDICACAO (IDINDICACAO,NOME,PROFISSAO) VALUES (3,"Girafalles","Professor");
INSERT INTO INDICACAO (IDINDICACAO,NOME,PROFISSAO) VALUES (4,"Fernando Telinhas","estudante");
INSERT INTO INDICACAO (IDINDICACAO,NOME,PROFISSAO) VALUES (5,"Dino sauro ","diretor");
INSERT INTO INDICACAO (IDINDICACAO,NOME,PROFISSAO) VALUES (6,"Silvasauro","Clinico Geral");
INSERT INTO INDICACAO (IDINDICACAO,NOME,PROFISSAO) VALUES (7,"planta","oncologista");
INSERT INTO INDICACAO (IDINDICACAO,NOME,PROFISSAO) VALUES (8,"Rui Barbosa","m");
INSERT INTO INDICACAO (IDINDICACAO,NOME,PROFISSAO) VALUES (9,"Carlos D. Andrade","medico");
INSERT INTO INDICACAO (IDINDICACAO,NOME,PROFISSAO) VALUES (10,"Marrecas","chefe");
INSERT INTO INDICACAO (IDINDICACAO,NOME,PROFISSAO) VALUES (11,"Russo renato","medico");
INSERT INTO INDICACAO (IDINDICACAO,NOME,PROFISSAO) VALUES (12,"Esteve Aki","chefe ");
INSERT INTO INDICACAO (IDINDICACAO,NOME,PROFISSAO) VALUES (13,"Gilberto Gil","cirurgiao");
INSERT INTO INDICACAO (IDINDICACAO,NOME,PROFISSAO) VALUES (14,"luan Santanna","oncologista");


INSERT INTO PACIENTE (ID,CPF,DATAINICIO,DATANASCIMENTO,DATAULTIMASESSAO,DESATIVADO,EMAIL,ESCOLARIDADE,ESTADOCIVIL,NACIONALIDADE,NATURALIDADE,NOME,OBS,PRECO,PREFERENCIATURNO,PROFISSAO,SEXO,TELEFONECELULAR,TELEFONEFIXO,INDICACAO_IDINDICACAO,ENDERECO_IDENDERECO) VALUES (1,"222.315.538-30",{d "2015-07-08"},{d "1978-05-13"},{ts "2015-07-08 11:00:00."},0,"raul@gmail.com","FUNDAMENTAL_COMPLETO","CASADO","Brasileiro","SP","Raul Seixas ",null,null,"TARDE","M","M","22222222222","2222222222",1,1);
INSERT INTO PACIENTE (ID,CPF,DATAINICIO,DATANASCIMENTO,DATAULTIMASESSAO,DESATIVADO,EMAIL,ESCOLARIDADE,ESTADOCIVIL,NACIONALIDADE,NATURALIDADE,NOME,OBS,PRECO,PREFERENCIATURNO,PROFISSAO,SEXO,TELEFONECELULAR,TELEFONEFIXO,INDICACAO_IDINDICACAO,ENDERECO_IDENDERECO) VALUES (2,"131.451.707-40",{d "2015-04-24"},{d "1990-01-30"},{ts "2015-05-24 09:59:00."},0,"nativo@hotmail.com","SUPERIOR_INCOMPLETO","NOIVO","Brasileiro","RJ","Natividade Nativo",null,333.33,"MANHA","Analista","M","11111111111","1111111111",2,4);
INSERT INTO PACIENTE (ID,CPF,DATAINICIO,DATANASCIMENTO,DATAULTIMASESSAO,DESATIVADO,EMAIL,ESCOLARIDADE,ESTADOCIVIL,NACIONALIDADE,NATURALIDADE,NOME,OBS,PRECO,PREFERENCIATURNO,PROFISSAO,SEXO,TELEFONECELULAR,TELEFONEFIXO,INDICACAO_IDINDICACAO,ENDERECO_IDENDERECO) VALUES (3,"441.663.824-89",{d "2015-04-21"},{d "2003-03-19"},{ts "2015-06-19 10:09:00."},0,"chaves@gmail.com","FUNDAMENTAL_COMPLETO","SOLTEIRO","Brasileiro","RJ","Chaves Neto",null,null,"MANHA","Estudante","M","44444444444","4444444444",3,5);
INSERT INTO PACIENTE (ID,CPF,DATAINICIO,DATANASCIMENTO,DATAULTIMASESSAO,DESATIVADO,EMAIL,ESCOLARIDADE,ESTADOCIVIL,NACIONALIDADE,NATURALIDADE,NOME,OBS,PRECO,PREFERENCIATURNO,PROFISSAO,SEXO,TELEFONECELULAR,TELEFONEFIXO,INDICACAO_IDINDICACAO,ENDERECO_IDENDERECO) VALUES (4,"355.130.483-10",{d "2015-06-22"},{d "1988-04-01"},{ts "2015-06-22 22:11:00."},0,"socadastro@gmail.com","FUNDAMENTAL_INCOMPLETO","SOLTEIRO","Brasileiro","RS","Abruno s",null,null,"NOITE","Estudante","M","55555555555","5555555555",4,6);
INSERT INTO PACIENTE (ID,CPF,DATAINICIO,DATANASCIMENTO,DATAULTIMASESSAO,DESATIVADO,EMAIL,ESCOLARIDADE,ESTADOCIVIL,NACIONALIDADE,NATURALIDADE,NOME,OBS,PRECO,PREFERENCIATURNO,PROFISSAO,SEXO,TELEFONECELULAR,TELEFONEFIXO,INDICACAO_IDINDICACAO,ENDERECO_IDENDERECO) VALUES (5,"893.823.134-86",{d "2015-03-19"},{d "1984-10-27"},{ts "2015-05-27 17:16:00."},0,"3meses@gmail.com","MEDIO_COMPLETO","SOLTEIRO","Brasileiro","BA","Abruno 3 meses",null,null,"TARDE","Caminhoneiro","M","66666666666","6666666666",5,7);
INSERT INTO PACIENTE (ID,CPF,DATAINICIO,DATANASCIMENTO,DATAULTIMASESSAO,DESATIVADO,EMAIL,ESCOLARIDADE,ESTADOCIVIL,NACIONALIDADE,NATURALIDADE,NOME,OBS,PRECO,PREFERENCIATURNO,PROFISSAO,SEXO,TELEFONECELULAR,TELEFONEFIXO,INDICACAO_IDINDICACAO,ENDERECO_IDENDERECO) VALUES (6,"218.742.336-08",{d "2014-05-30"},{d "1972-09-14"},{ts "2015-06-13 14:21:00."},0,"1ano@gmail.com","MEDIO_INCOMPLETO","SEPARADO","Brasileiro","RJ","Abruno 1 ano",null,null,null,"pedreiro","M","77777777777","7777777777",6,8);
INSERT INTO PACIENTE (ID,CPF,DATAINICIO,DATANASCIMENTO,DATAULTIMASESSAO,DESATIVADO,EMAIL,ESCOLARIDADE,ESTADOCIVIL,NACIONALIDADE,NATURALIDADE,NOME,OBS,PRECO,PREFERENCIATURNO,PROFISSAO,SEXO,TELEFONECELULAR,TELEFONEFIXO,INDICACAO_IDINDICACAO,ENDERECO_IDENDERECO) VALUES (7,"141.345.514-04",{d "2013-02-21"},{d "1949-05-21"},{ts "2015-07-03 11:34:00."},0,"avel","MEDIO_INCOMPLETO","CASADO","Brasileiro","RS","Avel",null,null,"MANHA","do lar","F","22222222222","2222222222",7,9);
INSERT INTO PACIENTE (ID,CPF,DATAINICIO,DATANASCIMENTO,DATAULTIMASESSAO,DESATIVADO,EMAIL,ESCOLARIDADE,ESTADOCIVIL,NACIONALIDADE,NATURALIDADE,NOME,OBS,PRECO,PREFERENCIATURNO,PROFISSAO,SEXO,TELEFONECELULAR,TELEFONEFIXO,INDICACAO_IDINDICACAO,ENDERECO_IDENDERECO) VALUES (8,"520.698.853-72",{d "2009-02-19"},{d "1966-11-20"},{ts "2011-06-30 13:00:00."},0,"roses@gmail.com","SUPERIOR_COMPLETO","SEPARADO","Brasileiro","CE","Guns nRoses",null,null,null,"","F","99999999999","9999999999",8,10);
INSERT INTO PACIENTE (ID,CPF,DATAINICIO,DATANASCIMENTO,DATAULTIMASESSAO,DESATIVADO,EMAIL,ESCOLARIDADE,ESTADOCIVIL,NACIONALIDADE,NATURALIDADE,NOME,OBS,PRECO,PREFERENCIATURNO,PROFISSAO,SEXO,TELEFONECELULAR,TELEFONEFIXO,INDICACAO_IDINDICACAO,ENDERECO_IDENDERECO) VALUES (9,"345.726.535-69",{d "1990-10-26"},{d "1984-12-16"},{ts "2015-06-02 15:00:00."},0,"clapton@hotmail.com","MEDIO_COMPLETO","CASADO","Brasileiro","RO","Eric Clapton",null,null,"TARDE","Ambientalista","M","88888888888","8888888888",9,11);
INSERT INTO PACIENTE (ID,CPF,DATAINICIO,DATANASCIMENTO,DATAULTIMASESSAO,DESATIVADO,EMAIL,ESCOLARIDADE,ESTADOCIVIL,NACIONALIDADE,NATURALIDADE,NOME,OBS,PRECO,PREFERENCIATURNO,PROFISSAO,SEXO,TELEFONECELULAR,TELEFONEFIXO,INDICACAO_IDINDICACAO,ENDERECO_IDENDERECO) VALUES (10,"271.716.396-49",{d "2012-03-03"},{d "1994-08-30"},{ts "2015-05-29 11:52:00."},0,"cazuza@gmail.com","SUPERIOR_INCOMPLETO","SOLTEIRO","Brasileiro","SE","Cazuza",null,null,"NOITE","musico","M","87777766677","5567886555",10,12);
INSERT INTO PACIENTE (ID,CPF,DATAINICIO,DATANASCIMENTO,DATAULTIMASESSAO,DESATIVADO,EMAIL,ESCOLARIDADE,ESTADOCIVIL,NACIONALIDADE,NATURALIDADE,NOME,OBS,PRECO,PREFERENCIATURNO,PROFISSAO,SEXO,TELEFONECELULAR,TELEFONEFIXO,INDICACAO_IDINDICACAO,ENDERECO_IDENDERECO) VALUES (11,"205.443.823-58",{d "2004-03-05"},{d "1977-08-12"},{ts "2015-04-09 20:00:00."},0,"russo@hotmail.com","SUPERIOR_INCOMPLETO","SOLTEIRO","Brasileiro","TO","Renato Russo",null,null,"NOITE","musica","M","55555555555","5555555555",11,13);
INSERT INTO PACIENTE (ID,CPF,DATAINICIO,DATANASCIMENTO,DATAULTIMASESSAO,DESATIVADO,EMAIL,ESCOLARIDADE,ESTADOCIVIL,NACIONALIDADE,NATURALIDADE,NOME,OBS,PRECO,PREFERENCIATURNO,PROFISSAO,SEXO,TELEFONECELULAR,TELEFONEFIXO,INDICACAO_IDINDICACAO,ENDERECO_IDENDERECO) VALUES (12,"420.145.711-71",{d "2013-04-24"},{d "1979-06-12"},{ts "2015-04-24 16:00:00."},0,"mad@gmail.com","FUNDAMENTAL_COMPLETO","SEPARADO","Brasileiro","RR","Madonna ",null,null,"TARDE","cantora","F","11111111111","1111111111",12,14);
INSERT INTO PACIENTE (ID,CPF,DATAINICIO,DATANASCIMENTO,DATAULTIMASESSAO,DESATIVADO,EMAIL,ESCOLARIDADE,ESTADOCIVIL,NACIONALIDADE,NATURALIDADE,NOME,OBS,PRECO,PREFERENCIATURNO,PROFISSAO,SEXO,TELEFONECELULAR,TELEFONEFIXO,INDICACAO_IDINDICACAO,ENDERECO_IDENDERECO) VALUES (13,"282.523.397-86",{d "2009-09-14"},{d "1972-11-18"},{ts "2015-05-05 19:00:00."},0,"gaga@gmail.com","MEDIO_COMPLETO","CASADO","Brasileiro","RS","Lady gaga ",null,null,"NOITE","vendedora","F","12345678901","4444566778",13,15);
INSERT INTO PACIENTE (ID,CPF,DATAINICIO,DATANASCIMENTO,DATAULTIMASESSAO,DESATIVADO,EMAIL,ESCOLARIDADE,ESTADOCIVIL,NACIONALIDADE,NATURALIDADE,NOME,OBS,PRECO,PREFERENCIATURNO,PROFISSAO,SEXO,TELEFONECELULAR,TELEFONEFIXO,INDICACAO_IDINDICACAO,ENDERECO_IDENDERECO) VALUES (14,"516.536.946-37",{d "2011-03-31"},{d "1985-12-31"},{ts "2015-04-30 14:00:00."},0,"gil@gmail.com","SUPERIOR_INCOMPLETO","VIUVO","Brasileiro","BA","Gilberto Gil",null,null,"TARDE","gestor","M","22233455667","2345677845",14,16);


INSERT INTO PACIENTE_CONTATO (contatos_ID,pacientes_ID) VALUES (1,1);
INSERT INTO PACIENTE_CONTATO (contatos_ID,pacientes_ID) VALUES (2,1);
INSERT INTO PACIENTE_CONTATO (contatos_ID,pacientes_ID) VALUES (3,4);
INSERT INTO PACIENTE_CONTATO (contatos_ID,pacientes_ID) VALUES (4,4);


INSERT INTO USUARIO (ID,DESATIVADO,EMAIL,LOGIN,NOMECOMPLETO,PERFIL,SENHA) VALUES (1,0,"hexemeister@gmail.com","Renato","Renato Moraes","ADMINISTRADOR","123");
INSERT INTO USUARIO (ID,DESATIVADO,EMAIL,LOGIN,NOMECOMPLETO,PERFIL,SENHA) VALUES (2,0,"rosevalporto@gmail.com","Viviane","Viviane Rose Val Porto","PSICOLOGA","123");
INSERT INTO USUARIO (ID,DESATIVADO,EMAIL,LOGIN,NOMECOMPLETO,PERFIL,SENHA) VALUES (3,0,"brunofitzner1973@gmail.com","Bruno","Bruno Fitzner","ATENDENTE","123");
INSERT INTO USUARIO (ID,DESATIVADO,EMAIL,LOGIN,NOMECOMPLETO,PERFIL,SENHA) VALUES (5,0,"tam@gmail.com","tam","Tam silva","PSICOLOGA","123");
INSERT INTO USUARIO (ID,DESATIVADO,EMAIL,LOGIN,NOMECOMPLETO,PERFIL,SENHA) VALUES (6,0,"reis@gmail.com","reis","Tami Reis ","PSICOLOGA","123");
INSERT INTO USUARIO (ID,DESATIVADO,EMAIL,LOGIN,NOMECOMPLETO,PERFIL,SENHA) VALUES (7,1,"zezinho@gmail.com","zezinho","zezinho da silva","ATENDENTE","123");

ALTER TABLE CONTATO ADD CONSTRAINT FK_CONTATO_ENDERECO_IDENDERECO FOREIGN KEY (ENDERECO_IDENDERECO) REFERENCES ENDERECO (IDENDERECO);
ALTER TABLE PACIENTE ADD CONSTRAINT FK_PACIENTE_INDICACAO_IDINDICACAO FOREIGN KEY (INDICACAO_IDINDICACAO) REFERENCES INDICACAO (IDINDICACAO);
ALTER TABLE PACIENTE ADD CONSTRAINT FK_PACIENTE_ENDERECO_IDENDERECO FOREIGN KEY (ENDERECO_IDENDERECO) REFERENCES ENDERECO (IDENDERECO);
ALTER TABLE ANAMNESE ADD CONSTRAINT FK_ANAMNESE_PSICOLOGA_ID FOREIGN KEY (PSICOLOGA_ID) REFERENCES USUARIO (ID);
ALTER TABLE ANAMNESE ADD CONSTRAINT FK_ANAMNESE_PACIENTE_ID FOREIGN KEY (PACIENTE_ID) REFERENCES PACIENTE (ID);
ALTER TABLE EVOLUCAO ADD CONSTRAINT FK_EVOLUCAO_PACIENTE_ID FOREIGN KEY (PACIENTE_ID) REFERENCES PACIENTE (ID);
ALTER TABLE EVOLUCAO ADD CONSTRAINT FK_EVOLUCAO_PSICOLOGA_ID FOREIGN KEY (PSICOLOGA_ID) REFERENCES USUARIO (ID);
ALTER TABLE COMPROMISSO ADD CONSTRAINT FK_COMPROMISSO_PACIENTE_ID FOREIGN KEY (PACIENTE_ID) REFERENCES PACIENTE (ID);
ALTER TABLE COMPROMISSO ADD CONSTRAINT FK_COMPROMISSO_PSICOLOGA_ID FOREIGN KEY (PSICOLOGA_ID) REFERENCES USUARIO (ID);
ALTER TABLE PACIENTE_CONTATO ADD CONSTRAINT FK_PACIENTE_CONTATO_pacientes_ID FOREIGN KEY (pacientes_ID) REFERENCES PACIENTE (ID);
ALTER TABLE PACIENTE_CONTATO ADD CONSTRAINT FK_PACIENTE_CONTATO_contatos_ID FOREIGN KEY (contatos_ID) REFERENCES CONTATO (ID);